vasrfn4,B
ccivbi1,B
czfmkl0,B
xxqlyg6,B
utkyqi5,B
hgcbnp5,B
ylybal5,B
puhfqt5,B
ynsqrz7,B
pkkdtj4,B
fbxjko6,B
swsmiw9,B
ypmzmt0,B
ofrima5,B
qzqnic5,B
fxgdgg3,B
sspoof4,B
vofgnd5,B
rmqwga7,B
pqjcbn6,B
xtuimp1,B
yjgape2,B
btswvz9,B
tgcbwf1,B
jcimkc0,B
rhmdbo4,B
lrgtsn6,B
rxltoe7,B
uukjuf2,B
gxqhkj3,B
wpuydk8,B
tanfvw5,B
lmrqnu6,B
stbxjn5,B
uudisq7,B
mlsxoc1,B
umciaj2,B
kmvcih9,B
rlzrtv2,B
iwpiyp8,B
psajig0,B
wnlvir1,B
ikjgmw0,B
rxvzji3,B
zfqyfo1,B
xtcdpi9,B
ilvvrr5,B
bbcrox9,B
qvurie0,B
reqcpb5,B
hmdphd8,B
edbkdc6,B
bembwu6,B
ypkyse8,B
tmqenf0,B
bxfica2,B
jmqjdq4,B
oljcqe2,B
izxkjc8,B
erwber2,B
zuenou2,B
vnenib9,B
gaieal9,B
igvrtg8,B
kajrqs8,B
jcjvnj2,B
tffqov3,B
arxjrb9,B
fcjvll9,B
ommjck1,B
whlctt0,B
kyvfmt4,B
pervtt3,B
fxhdxp6,B
qbqbce7,B
vadccm4,B
zfiwwb4,B
yjfniv6,B
lsdcvw8,B
qllbab5,B
wampyi5,B
dhkjmu9,B
rwfreb5,B
rhdnrk9,B
kbqjdp0,B
nzwpok3,B
xpsmzx9,B
nvhvgy4,B
fkdtnb3,B
lzrzxd2,B
eqhzpx6,B
neokta7,B
ptdcyx9,B
enshjy3,B
jbxppe3,B
ubzqdl9,B
eoqlbc1,B
zrecjg9,B
kfctqe2,B
umbdct6,B
lbtsmf4,B
xryhgq4,B
vyscgu2,B
wvhntv7,B
denoov8,B
rlwrsa6,B
cdlpce7,B
doietl5,B
imzqww8,B
banyvo8,B
frmpnd1,B
ylxprn4,B
nbrrju6,B
aafwyz0,B
ervhjd6,B
vqzpnq4,B
xmmovr5,B
vxhtcl1,B
hgndek3,B
dpmusu1,B
gpkydi5,B
jkmvzg5,B
tjjlci1,B
ylroam0,B
dkeroz3,B
dhnrbe1,B
cybwee5,B
ehwfax3,B
devbcg6,B
ultjza3,B
afcphn4,B
efsiea6,B
qtkspe5,B
yohwxt4,B
bxskgq7,B
aryati7,B
xlhziu3,B
dgcswx8,B
nqvsvo3,B
nvxrit8,B
abmrbr8,B
vyswfb5,B
opypem0,B
tyywsm5,B
rqknei5,B
vygqip0,B
icthiq8,B
adlhfx1,B
runtiv0,B
bzbjcu3,B
xxjsxa7,B
zdrzhk5,B
eqvisc3,B
bzhfgh8,B
cryoae3,B
vljgal8,B
jqfzng9,B
jwmlbu8,B
rtuchm0,B
fpvpkv0,B
hbizvx1,B
vygnnm4,B
ihftlr0,B
lymefj4,B
hilmfa6,B
gjlejw7,B
rixcul2,B
sopxor4,B
qitrto4,B
aolajt6,B
swpukt7,B
wjxscx5,B
qvuztw8,B
uluyrz9,B
drhqpa3,B
jayhuf3,B
wsglid1,B
hehvdt7,B
xxjerr1,B
boakml3,B
gyqjpu9,B
avzdne0,B
bbmmqe3,B
bteikq8,B
nvzvnz9,B
kuedqd1,B
swgzjq6,B
xtxvwj0,B
zwkyhy2,B
mruyfo1,B
ngcdcc6,B
htlbng2,B
ardatp2,B
bodvup8,B
btapam4,B
orkyxq8,B
iqquhy4,B
oaranw1,B
kgknpw5,B
hgkmyc3,B
nibwhu0,B
geubtn4,B
ghzhkq8,B
arhccb9,B
hcwxvl9,B
dbfeqs9,B
bdfqqn9,B
edkjub3,B
vrpotl8,B
ojvjtv7,B
dqkrak7,B
znmwil8,B
mphius8,B
pulrfh7,B
mlwwpo7,B
ptkdpm5,B
rlxgdo5,B
cxawqk1,B
ufurcg4,B
sjsrhz8,B
ncsjjt7,B
mbqoht8,B
ouvrlh6,B
nemymp6,B
mvneig6,B
alivqa7,B
aygulj2,B
kqblyh5,B
wdyjwe2,B
yecxwt4,B
towztd5,B
bfnxbu2,B
wulyzw7,B
yadkyx0,B
afhjrh5,B
yyxaat7,B
kvzhlr9,B
gwtsvn1,B
nrpyaa3,B
tcpjdm2,B
nqefat1,B
nzpjwh2,B
tjnyzp9,B
snitid2,B
prfddw6,B
wajyzo9,B
hqgqgf2,B
wvvvis8,B
ocwmul4,B
ywyvsy1,B
rfwcud2,B
ukzjoz6,B
kwgunm1,B
zppsbr9,B
arjpzh9,B
ztsoyb6,B
gbnltk0,B
veqtzp2,B
kteetu6,B
irebvh3,B
lzohek1,B
llvbol2,B
qzoolj8,B
nyqbzd0,B
edzjqv9,B
kpvlkh1,B
gggdnp6,B
cxoubm5,B
ljihyz8,B
ioxhrp6,B
ywiehg7,B
mqkxjm8,B
ybzocx3,B
gplpvw3,B
rpbyhl8,B
lvjnel7,B
aavjbg9,B
zxaqdj9,B
owgxxc7,B
rkpukh7,B
bbkjcd8,B
hpuxuc1,B
loclph1,B
wohjhq7,B
xfjlze9,B
mqwdfz0,B
pnqnoa9,B
lnpzam7,B
lwzhxd1,B
ffnztv2,B
bxuoxb6,B
tvvmhc0,B
sfhegl9,B
cydlqu2,B
efcjwy8,B
mgwvgx2,B
mvwidq1,B
uxfylp1,B
vxrpew2,B
gazfse1,B
mdvrjw1,B
zrvxwm6,B
selgrf1,B
pxzphf5,B
vpcydv9,B
sxxncy1,B
yiqzzr3,B
tbfstf6,B
nlnqrd8,B
dwkyel3,B
miyqgh1,B
frehjr0,B
mcmiut1,B
jfzcvd2,B
pfsqvn0,B
sllczp6,B
snopac3,B
xrvvti2,B