cmcvzg6,G
caqkrd5,G
akmnvk4,G
iojcof5,G
znrmcd8,G
nxhvdk6,G
xfahxp6,G
xrpvnn8,G
dosnma9,G
pumvjr9,G
kzxrip1,G
feslxq8,G
hpifyr8,G
aprvpy4,G
wikcyg2,G
rguxfo2,G
dvqmtv9,G
mghyju6,G
uglegg3,G
pownlm5,G
luvlgj8,G
uqmjat6,G
mavgxf3,G
piicam8,G
zhuygt5,G
rirvgl2,G
urqulb8,G
odjdyh9,G
pktdjn2,G
zkulbq2,G
vqbfga4,G
xggaym9,G
vexaqv0,G
eqzxoh6,G
gsynfi7,G
jmfbmb9,G
klrlxh7,G
vlwciw3,G
wumzbx6,G
oicobp9,G
fasdoy5,G
wbphjd8,G
tiqjgl6,G
zwluci3,G
fsugqw5,G
igbggf9,G
ngbkzt2,G
zefazo1,G
vwovaw9,G
vygvcg1,G
ewvfcz3,G
lfpjxp8,G
ccmxfg4,G
qwotxq2,G
ftuiyh8,G
sjektp4,G
mjosxv7,G
heashh7,G
cqhsdr6,G
bpndco2,G
upzugp5,G
klqkff2,G
qkkhjd0,G
ssuety0,G
raraju2,G
tozxjc1,G
wejmwf0,G
vjotfx3,G
iltakc9,G
yisqeq5,G
iwwrty3,G
xxotfz6,G
nznctm2,G
fpswud2,G
twufao7,G
bkjlko4,G
qajeew1,G
yvllkw0,G
efilrq6,G
pfictb9,G
fdxtrk0,G
czmsoh4,G
viagfk0,G
arabmg9,G
sgsizb5,G
mjfbqt0,G
kinjyq4,G
tjzxia2,G
ebqojd7,G
bzwwmc2,G
diymxo9,G
bdklhc2,G
jfqefh1,G
yovpxd6,G
ffibav0,G
imbwbe1,G
ournks4,G
kjvxyt8,G
pvaixl7,G
xxtzsn2,G
rpgcsg0,G
garagl7,G
bzgvwu3,G
nxcgxa2,G
qaanip0,G
itibra9,G
ogsifa3,G
fxmzhb3,G
uisfwb2,G
hrflmc2,G
yzjtyl2,G
bzpikd1,G
abtvwm1,G
oavwkl9,G
xfmurh3,G
rayuot1,G
vrrqwg6,G
olihps2,G
omhqec9,G
htdtir8,G
pqtbqn5,G
najtzs4,G
enuioj0,G
iulabv5,G
btubcm8,G
prierw6,G
ahqtgr0,G
xpydqk0,G
jdamue4,G
dxrnss5,G
ruadxe7,G
gqcoir1,G
letvvm2,G
kultca2,G
ysamvy2,G
chiunx4,G
ddgdle0,G
bgjmde4,G
ahtnqw7,G
idsuai7,G
aaqjrn2,G
aqtfid9,G
jvznow9,G
qgfxgv2,G
pxrltj4,G
gkiipz7,G
kqlrne3,G
dmwyry6,G
cdtrdx2,G
ioqzzx3,G
doxulm7,G
fifwrw7,G
wjcyfd0,G
uhixon6,G
jntavk8,G
djbvuu2,G
fxotnb7,G
eyyukr8,G
ssgiko0,G
ptgpyv3,G
eyhhur1,G
fhunqh8,G
gcyaqj5,G
htessu5,G
hfflem9,G
ihorrn6,G
ljijpu1,G
zfyddv8,G
dkimto7,G
thlpay6,G
xygvus8,G
nsffug8,G
erwivg3,G
rgxwja8,G
xzhpai9,G
ohfrzx9,G
gegeqk2,G
eanret8,G
dhpkfk9,G
vfrutb3,G
knhfmc2,G
wrchzm3,G
pdpspz7,G
jyomzf2,G
mmhaxw4,G
djnyuj0,G
atktcb3,G
zlfbtt9,G
gknswe7,G
dksrsz9,G
lsesrf1,G
sggoir5,G
pltfhp8,G
gpkkto7,G
wjytxm3,G
arseuh2,G
tsqqsm7,G
oxicrh5,G
mntdhj5,G
jiateh4,G
xdxlal7,G
doiqic2,G
ttzkig5,G
wwkrhu9,G
uurfkt8,G
bbnihi5,G
mgknzj8,G
kttfvh5,G
csibvw5,G
kfurgq6,G
asmetm2,G
pfvlfl1,G
axarxp4,G
tnqegv4,G
mabkic9,G
oqeiqe2,G
egubpi3,G
dtpnvt7,G
ecxyec3,G
nkloen9,G
ymprlk3,G
xwnyby9,G
bjnhqf2,G
yzjhoz2,G
vmvgdp4,G
xkpimj7,G
bagzzk4,G
dhsznk0,G
xcrvuu2,G
hvfepe3,G
nfjipb5,G
xmpndr2,G
ukrazq3,G
wzotcd4,G
pmhwfn5,G
lvikrs3,G
gzxnbr0,G
aspbpd6,G
kvfowa5,G
ycfuvn2,G
srtwwu1,G
awtbck2,G
unrgiv5,G
gzngop0,G
bktmky7,G
hwrnfz4,G
suuboz8,G
xrrtyk7,G
vrjhzt0,G
njruwd8,G
yyjfde4,G
bovage7,G
humaxx4,G
hyhmjs7,G
gjikwf1,G
hbegmo1,G
hlziro4,G
bzfkel6,G
fptnwk6,G
velqnn4,G
owriun6,G
ioageq9,G
wbvlff5,G
genznh8,G
yfdfcy3,G
orjiig2,G
neestf1,G
fmjamj8,G
vhphmg8,G
rheibk5,G
qvvvhv4,G
hstxns2,G
qpgxst5,G
vxkmpg6,G
faammi7,G
uznnug7,G
rqzvha4,G
obzqhi6,G
dzsvdb0,G
hzcudm9,G
fgfhnq9,G
zxuiyh4,G
bnsmgp7,G
ncsidf4,G
remhiw6,G
itimci4,G
jmzmpc7,G
mhajxh9,G
uqocuj6,G
ourtnu3,G
abggzt1,G
jockwv6,G
lykjzu6,G
rvcscm5,G
kfmexr9,G
fsyzeh1,G
tzzqux6,G
ptafsc2,G
hlogas3,G
mlkuhl9,G
qsnrzi6,G
gtmjxz4,G
ixgjlo3,G
fhqecf4,G
vnliut9,G
fkmltr8,G
bbqktj8,G
kfzltu1,G
gudgml6,G
vraunp6,G
dbwihd2,G
tuerdd2,G
ukodyt6,G
msawjx1,G
yzuxqc5,G
sttems8,G
srzxyk4,G
ndlaeg1,G
lvpban1,G
bumasv0,G
dbcpht5,G
rihhwb3,G
admodt5,G
xwlhgl8,G
djlydo9,G
uzusvj1,G
sytpao2,G
fwgsgg3,G
tdihak7,G
gctmex8,G
rxdiwe8,G
wvwllx9,G
pgjcvi1,G
cwdfdk3,G
ybgwsy1,G
qzrxxk9,G
iwksbb5,G
pnuddf7,G
mgasht0,G
kcjecl5,G
amxkxs3,G
oliidd4,G
vvsavs9,G
wkyjxy9,G
qosjso8,G
vjyuhn8,G
leogcd0,G
jhcqsj3,G
rkhvbg9,G
jbcizk8,G
vybfls9,G
qqouws9,G
zlgwds5,G
lfmzgy2,G
hnbpmt8,G
fufcjl9,G
clxvww2,G
qqzmoe3,G
pcdapi0,G
wiftyn7,G
mxsqbv4,G
dnwmkf1,G
cpwlaa4,G
rlfpvg1,G
ixowsi2,G
acbwrb8,G
njzulu0,G