mffsme0,M
agbkyy8,M
qebfyo6,M
ygphfm3,M
qadwul0,M
werfdd9,M
vpjbco7,M
klvtbg6,M
ltwkrp4,M
bbhjow2,M
yofxla5,M
hbkzor5,M
ogeylp8,M
ankgwz8,M
rjxron0,M
utxiqy3,M
ybrmlc5,M
fptfds0,M
wsnzpl8,M
ihwjgl4,M
nmcgeg8,M
sojmtg7,M
vpvxmz3,M
wtrtjd8,M
opgbmw1,M
khqncp3,M
hunumz9,M
ofnexh1,M
iqhuxk7,M
iznyld9,M
ghioxx4,M
uubsyv8,M
gqqsob2,M
syptxv3,M
xbgmnn8,M
rqqsbu7,M
poqnwv7,M
hwqqkn8,M
gjwgeq2,M
hbowai5,M
jewipw9,M
peqnnh5,M
gsyybv5,M
lwwgqf5,M
tysxzv9,M
rxzrld6,M
bjkeoh4,M
bpibhc2,M
aefnvv0,M
rxtdkf8,M
goljps1,M
soyopl7,M
rthgzq9,M
uncfjz1,M
yfjosr2,M
gzzurh5,M
wmrbjx0,M
zepzym9,M
kouslr7,M
yptrkt9,M
bxtpga8,M
swknhc6,M
lzxoby4,M
nmqafb8,M
tnmlsb8,M
ctczig5,M
tnctbr5,M
omvqjh5,M
qwrcsg8,M
cgkgwz4,M
ozjtzq4,M
dxovoq2,M
qovhaf8,M
azpaba6,M
xknhlx9,M
rbboog6,M
iuoqrp8,M
plqpkn2,M
becltt4,M
drjpfk8,M
bexoty9,M
xoggau9,M
xlffbi6,M
enwvhs3,M
fvmrnp2,M
npyljc7,M
msjxrn6,M
umbahf4,M
udlixh2,M
eghgvh1,M
qzesmg1,M
stzqnt1,M
hluxjz3,M
hrtueo7,M
lffzdw3,M
kzymbv7,M
yhrmok3,M
mlamqk2,M
pemamk0,M
plccee0,M
jtxrdw1,M
mhnczp5,M
ohztsh1,M
hpohie7,M
tdqleh6,M
tzhqez9,M
xuzzwp8,M
cimcts2,M
jzcnnn8,M
fknacc1,M
yqvpts1,M
iwvugj8,M
bwwvkq4,M
mqinqf3,M
gkezdg4,M
hqincl5,M
aletjz4,M
icfhta9,M
ongucc5,M
qhivzi6,M
vvvhlj9,M
cpilgc0,M
rcpcaw9,M
dvtyqf0,M
ppqivl4,M
mhwbcr0,M
lycqgl8,M
ugleor0,M
ymoowc0,M
ghaiwi6,M
erswnv1,M
xhsgwi2,M
befrvi2,M
nevimz6,M
pzatil8,M
gorglo9,M
iwvdsi6,M
bxqrmu7,M
gzbchg7,M
dlzmgo5,M
iubzpj4,M
zyenpr6,M
qeytmx4,M
tnvsks5,M
ykbryc8,M
rusewa0,M
qnvory5,M
lmpnkv7,M
voucuz3,M
rvcdkc2,M
elhnlx5,M
belbbt8,M
jqimzs2,M
znnauw3,M
ppyadm7,M
mjvdkt5,M
vsrhti0,M
pxuwro1,M
xjuhcr6,M
eiqtvl2,M
sxbqal6,M
slflmq1,M
fsvvxd8,M
ppmbqs8,M
tmksjf9,M
mgagfc0,M
wpigie3,M
xsymxx0,M
zymves5,M
vcyjup4,M
hbrccc1,M
wwweyd6,M
rxspow8,M
bfsgfn5,M
htdtjf6,M
awltva4,M
kezwen3,M
kiepxo5,M
jfoken0,M
exdsun0,M
atymyb5,M
brmbyf3,M
uurywa5,M
ibuhdx9,M
gphwbd7,M
cullow2,M
lgsmbo0,M
seeagv7,M
bdaxfj4,M
kchlfl9,M
tcylaa0,M
ybfzap9,M
glwrzx5,M
agsiqt3,M
rslguj6,M
typoqn2,M
patghm6,M
blvabr0,M
rxrgmx5,M
nilwoo6,M
opzfzn7,M
exmdzx0,M
nuayjz9,M
rzmmvr7,M
wkmtey5,M
zltjqn2,M
iixklu3,M
snskpq0,M
xeizgf1,M
guookw7,M
alhayh2,M
iszjwa3,M
rbajfg9,M
hwllhw9,M
hecjih8,M
zoydkt4,M
effifp3,M
rmqlsz6,M
aegzla4,M
uiajbd1,M
ojvxan1,M
ldofbl1,M
aurbtz5,M
qgiyjh2,M
jwrjbw9,M
jlgdmf4,M
pwcelc9,M
qrsifx0,M
qqfzxz2,M
sxtpvh4,M
xjxsbo1,M
xcoivz2,M
tpwfei0,M
yckqck0,M
xzvqfv0,M
dgxuxe8,M
xydprl4,M
gozshc3,M
qnkmab8,M
pxmdqk3,M
vokrqa4,M
jsmcih3,M
iaenfb3,M
cfqpcf2,M
yfffpz8,M
olkmfb3,M
mndbag6,M
nimlub1,M
auctiy2,M
cuzaqe0,M
slwonh8,M
knbzfh9,M
wxucqr8,M
slpfnn4,M
kyduey3,M
zotlxv8,M
wfjtqk9,M
lnajpb2,M
qzjwre8,M
bkajjd0,M
ipktbp1,M
nvyeui8,M
zahobg8,M
gghvmg2,M
smkudd1,M
ofcryz2,M
tkgwsg9,M
crgszq4,M
kbadfd1,M
jdnwkp0,M
oziapx0,M
jssseu8,M
snqvwx9,M
sxsjhy7,M
zvvhbc4,M
eltqlc8,M
auqmqm4,M
nrtsdk5,M
cquzif5,M
islebb5,M
neqsjt2,M
ixuauf8,M
hbbgtb3,M
wznmyq1,M
xbadyx3,M
vbqhyv0,M
amqgam6,M
fedjer9,M
olpzws2,M
qtbhsr9,M
plpchb5,M
ecawxt8,M
udywqx3,M
nrcntc8,M
esejtn2,M
idiuse0,M
emwdth2,M
saoedn7,M
echmvk2,M
xxowdd7,M
lubelq2,M
ohtcrx3,M
odieli7,M
rnhmco0,M
qfnbxi2,M
hwetxv9,M
eoctmo0,M
yrgjlq2,M
cqajwb8,M
mtjrgq5,M
lyrkix7,M
oppmbb2,M
ixgjpu0,M
pdukub7,M
shtjpz1,M
vyakfo5,M
jmbrop9,M
hbzhrm3,M
wunxjd9,M
wbgtdt3,M
fwgjns1,M
wngixp3,M
ksbfvu4,M
efqnad6,M
uxwwdt9,M
ddsjej9,M
kxprpk7,M