cdijbn9,MM
gpynjf3,MM
wlqsno8,MM
eiytfw9,MM
zsdfjq9,MM
phfkoz0,MM
baaxnp7,MM
nitusd3,MM
qwcbgb4,MM
wynmrp7,MM
qrbvlo1,MM
pqqokr9,MM
cmhlll2,MM
etrafi6,MM
cuqulj5,MM
pvyxor6,MM
rxfdcy4,MM
mzjqpr0,MM
pbemia4,MM
ckdrxw2,MM
nnbmkd8,MM
yjiihg5,MM
stzvks4,MM
gpeuyf8,MM
rxctta4,MM
jdciue9,MM
uyvnmr9,MM
xwvwvw1,MM
upqwyg2,MM
mqazsq1,MM
hjcxzr2,MM
szsycx1,MM
kgwlll0,MM
bsnriw4,MM
wiwdbw0,MM
ftikzq3,MM
jtihxk4,MM
qdxomp3,MM
dryrob4,MM
vewzxn6,MM
dmqzfn5,MM
enxftt1,MM
qftewo2,MM
uczuli6,MM
bqegeb0,MM
gjvuea0,MM
hpsygk1,MM
qejqrp7,MM
hpdyww0,MM
soionx0,MM
rpwayh9,MM
acqkpy5,MM
usblxx4,MM
weocub5,MM
nktgjg2,MM
zufnis2,MM
kmyxed5,MM
ncmkhg5,MM
vufdbt6,MM
ufexhf6,MM
kfdgfz7,MM
dnnneo6,MM
oyrpno6,MM
nixpfm0,MM
mkauiv1,MM
rcoujw5,MM
hjfuad1,MM
itnjef1,MM
etoltr3,MM
svffos5,MM
meoyan6,MM
ntruik0,MM
fdpxlb8,MM
aitabk2,MM
jclhea1,MM
nnjcxz1,MM
puxmur7,MM
gtsrbm7,MM
mgznsm4,MM
dpzbtr2,MM
havhus3,MM
hnuwlw6,MM
jxejxr4,MM
ljyrqa5,MM
yryeif2,MM
wgktof8,MM
vkxfgh5,MM
xmvxqn1,MM
vdznow0,MM
ncrcuz3,MM
lcdvud2,MM
ydzicx7,MM
pqgjqo6,MM
rmgldm2,MM
rogavn4,MM
jfdsfh3,MM
xngkzq1,MM
zxzocn1,MM
zwhwze5,MM
toepcy7,MM
kcuxpo6,MM
aykmem8,MM
fwspqs8,MM
jrxrob9,MM
lgxyns7,MM
kmvmoj1,MM
becxze2,MM
zyqfge1,MM
wnjyed5,MM
uwvcjr0,MM
clsobm3,MM
xkkxje5,MM
lpmtdp3,MM
mpbeqt3,MM
xfqehn5,MM
qixngk4,MM
mxfgol4,MM
shvgqy1,MM
wurhan3,MM
epdbxe0,MM
uuhjqj4,MM
wjwryj9,MM
nqnzij5,MM
mhxbhx3,MM
gybolv3,MM
vjiqej1,MM
qvuqdl0,MM
mxqfaf4,MM
aksaci0,MM
pmuzml7,MM
hdmljq1,MM
vcarxs6,MM
ijiima9,MM
plsuzg5,MM
iuckjm1,MM
ixgstl6,MM
ldakqj3,MM
fuvuyk0,MM
vkupbz6,MM
rrvrwl2,MM
tedqgs2,MM
debrae0,MM
srfcoj2,MM
mewulo9,MM
yvmfvm6,MM
oqknsg9,MM
ncfhis7,MM
ruizzd7,MM
ucrpjb1,MM
bvhubq7,MM
ufmwrf0,MM
ivqcyi6,MM
ydauzp5,MM
spcgix3,MM
ncndmf5,MM
xbhier6,MM
uzihgj8,MM
mwxfoj1,MM
jrwnfm8,MM
vthxbr3,MM
mdzlni2,MM
xidkhy8,MM
wbuerq8,MM
hyvkpi4,MM
lcllww7,MM
huvjoi5,MM
sfydca8,MM
yclyft8,MM
opitzn2,MM
mpbajf2,MM
mjypbu3,MM
xgzyyy3,MM
upbvnm6,MM
nsedwa5,MM
clrswe5,MM
ewriig4,MM
omxqoo2,MM
ntadfo5,MM
rvoxwp3,MM
xwynpj0,MM
cvrxrs0,MM
frscxj4,MM
lvipai2,MM
mkgslt2,MM
kgbhuu5,MM
vhrsek6,MM
lveyuz6,MM
wtrjwp0,MM
gcdckr8,MM
lwrnil1,MM
qgwmbq4,MM
mvosqv0,MM
oiooku1,MM
icoeum6,MM
pmmfhm4,MM
rtbtdx8,MM
ovpljl0,MM
ktixfm4,MM
jvbyax8,MM
jekfrt4,MM
woqnuz8,MM
xxvxfg1,MM
lnvayf8,MM
qxbhgt5,MM
dzebjo5,MM
gukkmw4,MM
reaahi4,MM
mivdiv4,MM
npgfre2,MM
szlprs0,MM
rhpaty9,MM
ifsxch0,MM
hwrjzf7,MM
aybhqr0,MM
gmdncp9,MM
ckkkju1,MM
nyejmz0,MM
cuqshp2,MM
kcgygs3,MM
pvkabc8,MM
xxeslk4,MM
grigcx6,MM
wtyzzz5,MM
youuke3,MM
muscrb7,MM
blemug4,MM
sequhj3,MM
cqjufp9,MM
edxezd9,MM
wxkxcw6,MM
wdozue8,MM
nubste4,MM
gsljwb2,MM
rexslj4,MM
pqgznb7,MM
wjwbny0,MM
nnzlod3,MM
ezgfnk6,MM
xumogt3,MM
toznpg9,MM
zfmxfg5,MM
ljwoij6,MM
bzcpve3,MM
dflyqx8,MM
vhvloy1,MM
stczmt9,MM
nkmuqw5,MM
vlngww7,MM
ktylnd6,MM
mvmfbk4,MM
eujafm7,MM
tgwpos4,MM
ixylsn3,MM
fmzzjc8,MM
cnmcst9,MM
qjpadz3,MM
furgcc5,MM
gwlxsu7,MM
qtukvh6,MM
ekhcjl3,MM
nesrag2,MM
hmlddr4,MM
yrsyhm9,MM
rbunvk7,MM
ftkdik1,MM
ojrsej2,MM
hnzzum3,MM
aqbxfw5,MM
vclbij4,MM
meaebm1,MM
ymelab1,MM
oyipwu7,MM
ooxqxq6,MM
higuqx4,MM
yzpmvd5,MM
gensbe2,MM
zutgbr5,MM
rdypxp9,MM
bdedom2,MM
ybepuy6,MM
vvflvm9,MM
mamrpp1,MM
ayyrlh3,MM
lyarnj1,MM
jcqsjp0,MM
abecwo6,MM
ovexae2,MM
dwiuui1,MM
wvvgwp5,MM
calwhc4,MM
xxkgnf9,MM
tlljzo0,MM
meaygw6,MM
vmbkpt5,MM
fxagxg6,MM
sjqbks1,MM
cbrvwt9,MM
hcxwuy4,MM
tbxjiw0,MM
rrwyfw2,MM
zmtnjf0,MM
vancvm3,MM
hditxi3,MM
ncvbyy3,MM
xkuqfr8,MM
kscprq4,MM
mnwyml4,MM
joqvhq5,MM
hcxeho4,MM
oiwbzq6,MM
lwjqzc7,MM
qsxrhs7,MM
eraajp3,MM
iqlvbk2,MM
ahgvnb3,MM
xqoagl0,MM
oncxqg6,MM
gkflgc7,MM
gtcnkh1,MM
wwusou4,MM
gnojcr9,MM
uzevli9,MM
xksztv1,MM
qnkbzv2,MM
nioxcw0,MM
gntscr8,MM
gjbevt1,MM
cbtaup5,MM
nmbhin7,MM
qncdpe9,MM
ksfpsw6,MM
acbbwb2,MM
trcycp4,MM
cyvasz1,MM
dmfmvg4,MM
etoveh1,MM
svinpw4,MM
yrzrjn1,MM
unjcow4,MM
padffk5,MM
mnncjf0,MM
atgnti0,MM
hpqvth4,MM
sjyolo7,MM
qxprnn8,MM
voezme6,MM
xiyiok5,MM
aljtpm6,MM
oiiyiv1,MM
ivngno1,MM
hpctkx7,MM
jeivrq7,MM
zopxyy4,MM
rshkil3,MM
ryhasw3,MM
zcxcvf8,MM
gbtbws7,MM
ghjujr7,MM
cskspv4,MM
whxkto3,MM
ehjivl8,MM
fgpbtb4,MM
iworrg4,MM
qmwgbn6,MM
lqunpf8,MM
ozflyg2,MM
psjgqs1,MM
xdmdfg4,MM
ahdemz4,MM
wgffnm7,MM
dogsei6,MM
xveqnd9,MM
ruhray3,MM
nsypip2,MM
knpmhc0,MM
fmnmuu3,MM
azwdxf9,MM
kobghg5,MM
bkuqzn1,MM
tvjasf7,MM
ntgnlz6,MM
mbxprc9,MM
ikkmlz4,MM
msdvft7,MM
jmiqby1,MM
afraes7,MM
gvqiyk9,MM
sytxpe4,MM